,index,variable,value
47,47,diff(ROCP),2.9509818e-07
28,28,diff(DEMA),3.4195114e-07
21,21,APO,4.69028e-07
19,19,diff(log(volume)),4.716174e-07
15,15,diff(log(high)),4.922888e-07
27,27,VAR,4.935275e-07
13,13,diff(vwap),4.9769284e-07
12,12,diff(volume),5.09765e-07
34,34,diff(WMA),5.608013e-07
5,5,pct_change(volume),5.700662e-07
18,18,diff(log(adjClose)),5.7300525e-07
48,48,diff(ROCR),5.892241e-07
46,46,diff(ROC),6.013748e-07
25,25,LINEARREG_SLOPE,6.0248675e-07
8,8,diff(high),6.048343e-07
45,45,diff(PLUS_DM),6.1624155e-07
38,38,diff(CMO),6.599032e-07
30,30,diff(KAMA),6.694975e-07
66,66,diff(diff(HT_TRENDLINE)),7.029581e-07
10,10,diff(close),8.781999e-07
68,68,diff(diff(ADX)),9.967112e-07
71,71,diff(diff(diff(TRIX))),1.2170929e-06
49,49,diff(RSI),1.311137e-06
67,67,diff(diff(SMA)),1.3438267e-06
42,42,diff(MINUS_DM),1.3582489e-06
1,1,pct_change(high),1.5054021e-06
4,4,pct_change(adjClose),1.6507033e-06
62,62,diff(TRANGE),1.6559121e-06
26,26,STDDEV,1.7915079e-06
14,14,diff(log(open)),1.8455305e-06
51,51,diff(WILLR),1.8728902e-06
24,24,CORREL,1.909274e-06
11,11,diff(adjClose),2.0543882e-06
52,52,diff(AVGPRICE),2.1367177e-06
44,44,diff(PLUS_DI),2.2653155e-06
36,36,diff(HT_DCPHASE),2.3307034e-06
32,32,diff(TEMA),2.7038977e-06
54,54,diff(TYPPRICE),2.7758429e-06
57,57,diff(LINEARREG),3.0004128e-06
65,65,diff(OBV),3.1321943e-06
69,69,diff(diff(ADXR)),3.1399754e-06
59,59,diff(LINEARREG_INTERCEPT),3.2386258e-06
3,3,pct_change(close),3.267302e-06
23,23,PPO,3.4785269e-06
2,2,pct_change(low),3.529403e-06
33,33,diff(TRIMA),3.573437e-06
17,17,diff(log(close)),3.6850154e-06
56,56,diff(BETA),3.916224e-06
70,70,diff(diff(diff(T3))),4.4665608e-06
58,58,diff(LINEARREG_ANGLE),4.5359448e-06
29,29,diff(EMA),4.6997566e-06
0,0,pct_change(open),4.9032615e-06
53,53,diff(MEDPRICE),5.2730766e-06
43,43,diff(MOM),6.9316748e-06
6,6,pct_change(vwap),7.32538e-06
39,39,diff(DX),7.3972597e-06
7,7,diff(open),8.082693e-06
40,40,diff(MFI),9.517141e-06
9,9,diff(low),9.965762e-06
55,55,diff(WCLPRICE),1.0542979e-05
41,41,diff(MINUS_DI),1.0864119e-05
37,37,diff(CCI),1.3838445e-05
16,16,diff(log(low)),1.4137194e-05
20,20,diff(log(vwap)),1.51133545e-05
60,60,diff(ATR),1.7230159e-05
63,63,diff(AD),1.9058802e-05
31,31,diff(MA),1.917858e-05
61,61,diff(NATR),2.2121487e-05
35,35,diff(HT_DCPERIOD),2.4998988e-05
64,64,diff(ADOSC),2.5222682e-05
22,22,BOP,2.582061e-05
50,50,diff(ULTOSC),3.573764e-05
